{"f1": {"range": [0.73, 0.782], "avrg": 0.756}, "auroc": {"range": [0.665, 0.73], "avrg": 0.6975}, "auprc": {"range": [0.695, 0.778], "avrg": 0.7364999999999999}, "precision": {"range": [0.662, 0.73], "avrg": 0.696}, "recall": {"range": [0.797, 0.858], "avrg": 0.8275}, "specificity": {"range": [0.429, 0.525], "avrg": 0.477}, "accuracy": {"range": [0.655, 0.713], "avrg": 0.6839999999999999}}