{"f1": {"range": [0.727, 0.778], "avrg": 0.7525}, "auroc": {"range": [0.661, 0.727], "avrg": 0.694}, "auprc": {"range": [0.703, 0.782], "avrg": 0.7424999999999999}, "precision": {"range": [0.63, 0.695], "avrg": 0.6625}, "recall": {"range": [0.845, 0.898], "avrg": 0.8714999999999999}, "specificity": {"range": [0.31, 0.4], "avrg": 0.355}, "accuracy": {"range": [0.632, 0.69], "avrg": 0.661}}