{"f1": {"range": [0.74, 0.79], "avrg": 0.765}, "auroc": {"range": [0.674, 0.738], "avrg": 0.706}, "auprc": {"range": [0.713, 0.791], "avrg": 0.752}, "precision": {"range": [0.629, 0.695], "avrg": 0.6619999999999999}, "recall": {"range": [0.884, 0.93], "avrg": 0.907}, "specificity": {"range": [0.282, 0.374], "avrg": 0.32799999999999996}, "accuracy": {"range": [0.642, 0.7], "avrg": 0.671}}