{"f1": {"range": [0.719, 0.772], "avrg": 0.7455}, "auroc": {"range": [0.657, 0.724], "avrg": 0.6905}, "auprc": {"range": [0.701, 0.78], "avrg": 0.7404999999999999}, "precision": {"range": [0.647, 0.717], "avrg": 0.6819999999999999}, "recall": {"range": [0.791, 0.852], "avrg": 0.8215}, "specificity": {"range": [0.397, 0.494], "avrg": 0.4455}, "accuracy": {"range": [0.639, 0.698], "avrg": 0.6685}}