{"f1": {"range": [0.733, 0.783], "avrg": 0.758}, "auroc": {"range": [0.684, 0.75], "avrg": 0.7170000000000001}, "auprc": {"range": [0.708, 0.791], "avrg": 0.7495}, "precision": {"range": [0.652, 0.719], "avrg": 0.6855}, "recall": {"range": [0.819, 0.877], "avrg": 0.848}, "specificity": {"range": [0.388, 0.484], "avrg": 0.436}, "accuracy": {"range": [0.652, 0.708], "avrg": 0.6799999999999999}}