{"f1": {"range": [0.744, 0.792], "avrg": 0.768}, "auroc": {"range": [0.652, 0.718], "avrg": 0.685}, "auprc": {"range": [0.692, 0.773], "avrg": 0.7324999999999999}, "precision": {"range": [0.625, 0.689], "avrg": 0.657}, "recall": {"range": [0.905, 0.946], "avrg": 0.9255}, "specificity": {"range": [0.256, 0.343], "avrg": 0.2995}, "accuracy": {"range": [0.641, 0.699], "avrg": 0.6699999999999999}}