{"f1": {"range": [0.726, 0.777], "avrg": 0.7515000000000001}, "auroc": {"range": [0.664, 0.73], "avrg": 0.6970000000000001}, "auprc": {"range": [0.703, 0.782], "avrg": 0.7424999999999999}, "precision": {"range": [0.649, 0.715], "avrg": 0.6819999999999999}, "recall": {"range": [0.807, 0.866], "avrg": 0.8365}, "specificity": {"range": [0.388, 0.482], "avrg": 0.435}, "accuracy": {"range": [0.644, 0.702], "avrg": 0.673}}